{"cameraMode":{"drawMode":0,"name":"Shaded","section":"Shading Mode"},"sceneLighting":true,"audioPlay":false,"sceneViewState":{"showFog":true,"showMaterialUpdate":false,"showSkybox":true,"showFlares":true,"showImageEffects":true,"showParticleSystems":true},"in2DMode":false,"pivot":{"x":1.5431761741638184,"y":22.898412704467775,"z":-26.351421356201173},"rotation":{"x":-0.12741850316524507,"y":0.025881588459014894,"z":-0.0033260704949498178,"w":-0.991506040096283},"size":24.40066146850586,"orthographic":false}