{"cameraMode":{"drawMode":0,"name":"Shaded","section":"Shading Mode"},"sceneLighting":true,"audioPlay":false,"sceneViewState":{"showFog":true,"showMaterialUpdate":false,"showSkybox":true,"showFlares":true,"showImageEffects":true,"showParticleSystems":true},"in2DMode":false,"pivot":{"x":-0.8992109298706055,"y":-0.6125850677490234,"z":-13.646142959594727},"rotation":{"x":0.04182063788175583,"y":-0.9575756788253784,"z":0.18347539007663728,"w":0.2182658463716507},"size":31.671669006347658,"orthographic":false}