{"cameraMode":{"drawMode":0,"name":"Shaded","section":"Shading Mode"},"sceneLighting":true,"audioPlay":false,"sceneViewState":{"showFog":true,"showMaterialUpdate":false,"showSkybox":true,"showFlares":true,"showImageEffects":true,"showParticleSystems":true},"in2DMode":false,"pivot":{"x":-1.0752127170562745,"y":-3.7082574367523195,"z":1.3795957565307618},"rotation":{"x":-0.08478929847478867,"y":0.8185150623321533,"z":-0.12522196769714356,"w":-0.554226279258728},"size":42.574729919433597,"orthographic":false}