{"cameraMode":{"drawMode":0,"name":"Shaded","section":"Shading Mode"},"sceneLighting":true,"audioPlay":false,"sceneViewState":{"showFog":true,"showMaterialUpdate":false,"showSkybox":true,"showFlares":true,"showImageEffects":true,"showParticleSystems":true},"in2DMode":false,"pivot":{"x":4.93537712097168,"y":0.12858223915100099,"z":-26.578285217285158},"rotation":{"x":-0.1558672934770584,"y":-0.7308587431907654,"z":0.1779312938451767,"w":-0.640228807926178},"size":4.69997501373291,"orthographic":false}