{"cameraMode":{"drawMode":0,"name":"Shaded","section":"Shading Mode"},"sceneLighting":true,"audioPlay":false,"sceneViewState":{"showFog":true,"showMaterialUpdate":false,"showSkybox":true,"showFlares":true,"showImageEffects":true,"showParticleSystems":true},"in2DMode":false,"pivot":{"x":13.591583251953125,"y":1.1101781129837037,"z":16.19676399230957},"rotation":{"x":0.07524184137582779,"y":0.007471010554581881,"z":-0.0006031599477864802,"w":0.9971800446510315},"size":238.6168975830078,"orthographic":false}