{"cameraMode":{"drawMode":0,"name":"Shaded","section":"Shading Mode"},"sceneLighting":true,"audioPlay":false,"sceneViewState":{"showFog":true,"showMaterialUpdate":false,"showSkybox":true,"showFlares":true,"showImageEffects":true,"showParticleSystems":true},"in2DMode":false,"pivot":{"x":0.5783119797706604,"y":3.005932569503784,"z":-0.5751339793205261},"rotation":{"x":-0.0036805756390094759,"y":0.9900974631309509,"z":-0.1378200650215149,"w":-0.02644098736345768},"size":0.4214746654033661,"orthographic":false}