{"cameraMode":{"drawMode":0,"name":"Shaded","section":"Shading Mode"},"sceneLighting":true,"audioPlay":false,"sceneViewState":{"showFog":true,"showMaterialUpdate":false,"showSkybox":true,"showFlares":true,"showImageEffects":true,"showParticleSystems":true},"in2DMode":false,"pivot":{"x":0.6446043848991394,"y":-0.3743024468421936,"z":1.4713619947433472},"rotation":{"x":-0.10061885416507721,"y":-0.023288322612643243,"z":0.002339825965464115,"w":-0.9946948289871216},"size":11.127584457397461,"orthographic":false}