{"cameraMode":{"drawMode":0,"name":"Shaded","section":"Shading Mode"},"sceneLighting":true,"audioPlay":false,"sceneViewState":{"showFog":true,"showMaterialUpdate":false,"showSkybox":true,"showFlares":true,"showImageEffects":true,"showParticleSystems":true},"in2DMode":false,"pivot":{"x":14.088226318359375,"y":1.0558521747589112,"z":13.304779052734375},"rotation":{"x":0.04182063788175583,"y":-0.9575756788253784,"z":0.18347539007663728,"w":0.2182658463716507},"size":9.973442077636719,"orthographic":false}